[
  {
    "name": "idx_events_room_ts",
    "type": "index",
    "sql": "CREATE INDEX idx_events_room_ts ON events (room_id, timestamp)"
  },
  {
    "name": "idx_events_type_ts",
    "type": "index",
    "sql": "CREATE INDEX idx_events_type_ts ON events (type, timestamp)"
  },
  {
    "name": "events",
    "type": "table",
    "sql": "CREATE TABLE events (\n          id INTEGER PRIMARY KEY AUTOINCREMENT,\n          event_id TEXT,\n          type TEXT NOT NULL,\n          room_id TEXT NOT NULL,\n          user_id TEXT,\n          username TEXT,\n          payload TEXT NOT NULL,\n          timestamp INTEGER NOT NULL,\n          raw_data TEXT,\n          created_at DATETIME DEFAULT CURRENT_TIMESTAMP\n        )"
  },
  {
    "name": "sqlite_sequence",
    "type": "table",
    "sql": "CREATE TABLE sqlite_sequence(name,seq)"
  }
]