{
  "systemInfo": {
    "platform": "win32",
    "arch": "x64",
    "nodeVersion": "v22.20.0",
    "electronVersion": "39.0.0",
    "appVersion": "unknown",
    "totalMemory": 34029162496,
    "freeMemory": 13723787264,
    "cpuCount": 20,
    "uptime": 17050.515,
    "userDataPath": "C:\\Users\\61756\\AppData\\Roaming\\ACLiveFrame",
    "timestamp": "2025-10-31T06:10:45.338Z"
  },
  "plugins": [],
  "recentLogs": [
    {
      "timestamp": "2025-10-31T06:10:45.327Z",
      "level": "info",
      "source": "diagnostics",
      "message": "Starting diagnostic package generation"
    }
  ],
  "databaseSchema": [
    {
      "name": "idx_events_room_ts",
      "type": "index",
      "sql": "CREATE INDEX idx_events_room_ts ON events (room_id, timestamp)"
    },
    {
      "name": "idx_events_type_ts",
      "type": "index",
      "sql": "CREATE INDEX idx_events_type_ts ON events (type, timestamp)"
    },
    {
      "name": "events",
      "type": "table",
      "sql": "CREATE TABLE events (\n          id INTEGER PRIMARY KEY AUTOINCREMENT,\n          event_id TEXT,\n          type TEXT NOT NULL,\n          room_id TEXT NOT NULL,\n          user_id TEXT,\n          username TEXT,\n          payload TEXT NOT NULL,\n          timestamp INTEGER NOT NULL,\n          raw_data TEXT,\n          created_at DATETIME DEFAULT CURRENT_TIMESTAMP\n        )"
    },
    {
      "name": "sqlite_sequence",
      "type": "table",
      "sql": "CREATE TABLE sqlite_sequence(name,seq)"
    }
  ],
  "configSample": {},
  "packageInfo": null
}